"stdist","st","party","pid","full.name","incumbent","crp.id","npat.id","score","sd","perc","perc.r","perc.d"
"AK1","AK","D",-1,"Sharon Cissna",0,"N00034750",15863,-0.69,0.17,28.2,0,41
"AK1","AK","R",1,"Donald Young",1,"N00007999",26717,0.26,0.07,55.8,15,0.5
"AL1","AL","R",1,"Josiah Bonner",1,"N00025330",27522,0.45,0.08,63.6,30,0.5
"AL2","AL","D",-1,"Therese Ford",0,"N00033968",135114,-0.69,0.29,28.2,0,41
"AL2","AL","R",1,"Martha Roby",1,"N00030768",71604,0.41,0.2,61.8,26.5,0.5
"AL3","AL","D",-1,"John Harris",0,"N00034222",80329,-0.86,0.34,23.6,0,50.5
"AL3","AL","R",1,"Michael Rogers",1,"N00024759",5705,0.58,0.27,69.4,41,0.299999999999997
"AL4","AL","D",-1,"Daniel Boman",0,"N00033969",121513,1.24,0.83,84.6,70.3,0
"AL4","AL","R",1,"Robert Aderholt",1,"N00003028",441,1.47,0.76,91.9,84.3,0
"AL5","AL","D",-1,"Charlie Holley",0,"N00033971",135111,-1.14,0.69,18.7,0,60.9
"AL5","AL","R",1,"Morris Brooks",1,"N00030910",121610,0.62,0.29,71.3,44.7,0.299999999999997
"AL6","AL","R",1,"Spencer Bachus",1,"N00008091",26715,0.5,0.13,65.1,32.9,0.5
"AL7","AL","D",-1,"Terri Sewell",1,"N00030622",121621,-0.14,0.12,44.8,1,7.7
"AL7","AL","R",1,"Donald Chamberlain",0,"N00003085",27598,1.57,0.78,95.2,90.7,0
"AR1","AR","D",-1,"Scott Ellington",0,"N00034374",137180,-0.25,0.2,41.2,0.2,14.4
"AR1","AR","R",1,"Rick Crawford",1,"N00030770",119208,1.38,0.78,89,78.6,0
"AR2","AR","D",-1,"Herb Rule",0,"N00034375",137181,-1.41,0.77,10.5,0,77.9
"AR2","AR","R",1,"Tim Griffin",1,"N00031297",119213,0.52,0.24,66.2,35.1,0.5
"AR3","AR","R",1,"Stephen Womack",1,"N00031857",71815,0.41,0.19,61.8,26.5,0.5
"AR4","AR","D",-1,"Harmon Jeffress",0,"N00033730",16220,-0.01,0.09,47.2,1.7,3.7
"AR4","AR","R",1,"Tom Cotton",0,"N00033363",135651,1.65,0.81,97.8,95.8,0
"AZ1","AZ","D",-1,"Ann Kirkpatrick",0,"N00029260",28425,-0.56,0.24,31.2,0,34.8
"AZ1","AZ","R",1,"Jonathan Paton",0,NA,141213,0.54,0.27,66.9,36.4,0.5
"AZ2","AZ","D",-1,"Ron Barber",0,"N00033981",137292,-1.36,0.72,12.4,0,73.9
"AZ2","AZ","R",1,"Martha McSally",0,"N00033982",137299,0.65,0.36,73,47.9,0.299999999999997
"AZ3","AZ","D",-1,"RaÃºl Grijalva",0,"N00025284",28253,-1.47,0.22,6.7,0,85.9
"AZ3","AZ","R",1,"Gabriela Saucedo Mercer",0,"N00033037",141236,1.17,0.55,83.1,67.6,0.299999999999997
"AZ4","AZ","R",1,"Paul Gosar",0,"N00030771",123491,0.49,0.23,65,32.7,0.5
"AZ5","AZ","D",-1,"Spencer Morgan",0,"N00033732",141242,-1.09,0.67,19.7,0,58.8
"AZ5","AZ","R",1,"Matthew Salmon",0,"N00006446",22184,0.41,0.24,61.8,26.5,0.5
"AZ6","AZ","D",-1,"Matthew Jette",0,"N00034303",123535,-0.48,0.27,34.6,0,27.9
"AZ6","AZ","R",1,"David Schweikert",0,"N00006460",106387,1.59,0.81,95.9,92.1,0
"AZ7","AZ","D",-1,"Edward Pastor",0,"N00006397",26719,-1.36,0.58,12.4,0,73.9
"AZ8","AZ","D",-1,"Gene Scharer",0,"N00009575",141245,-0.66,0.26,28.9,0,39.6
"AZ8","AZ","R",1,"Trent Franks",0,"N00006423",28399,0.67,0.29,73.9,49.6,0.299999999999997
"AZ9","AZ","D",-1,"Kyrsten Sinema",0,"N00033983",28338,-2.48,0.67,0.4,0,99.2
"AZ9","AZ","R",1,"Vernon Parker",0,"N00031586",123505,0.7,0.4,74.7,51.4,0.299999999999997
"CA1","CA","D",-1,"Jim Reed",0,"N00031699",120029,-0.44,0.09,36.2,0,24.7
"CA1","CA","R",1,"Doug LaMalfa",0,"N00033987",29713,1.17,0.24,83.1,67.6,0.299999999999997
"CA10","CA","D",-1,"Jose Hernandez",0,"N00033586",136183,-1.01,0.52,20.8,0,56.4
"CA10","CA","R",1,"Jeffrey Denham",0,"N00031593",28769,1.56,0.74,94.7,89.7,0
"CA11","CA","D",-1,"George Miller",0,"N00007390",26734,-0.76,0.12,26.1,0,45.2
"CA11","CA","R",1,"Virginia Fuller",0,"N00029842",104245,1.14,0.5,82.2,65.8,0.299999999999997
"CA12","CA","D",-1,"Nancy Pelosi",0,"N00007360",26732,-1.57,0.28,4.2,0,91.2
"CA12","CA","R",1,"John Dennis",0,"N00031180",120040,0.64,0.29,72.6,47.2,0.299999999999997
"CA13","CA","D",-1,"Barbara Lee",0,"N00008046",8315,-1.31,0.18,14.7,0,69.1
"CA13","CA","X",0,"Marilyn Singleton",0,"N00033878",136202,0.17,0.12,52.7,9.6,1.3
"CA14","CA","D",-1,"Karen Speier",0,"N00029649",8425,-0.69,0.13,28.2,0,41
"CA15","CA","D",-1,"Eric Swalwell",0,"N00033508",129529,-0.3,0.15,40.1,0.2,16.8
"CA15","CA","D",-1,"Fortney Stark",0,"N00007397",26736,-1.01,0.14,20.8,0,56.4
"CA16","CA","D",-1,"Jim Costa",0,"N00026341",3577,-0.16,0.08,43.8,0.7,9.59999999999999
"CA16","CA","R",1,"Brian Whelan",0,"N00033797",136223,0.31,0.24,57.4,17.9,0.5
"CA17","CA","D",-1,"Michael Honda",0,"N00012611",9674,-1.34,0.19,13.2,0,72.3
"CA17","CA","R",1,"Evelyn Li",0,"N00034491",138277,0.09,0.13,50.1,5.7,1.90000000000001
"CA18","CA","D",-1,"Anna Eshoo",0,"N00007335",26741,-0.74,0.09,26.5,0,44.4
"CA19","CA","D",-1,"Zoe Lofgren",0,"N00007479",21899,-0.6,0.11,30.2,0,37
"CA19","CA","R",1,"Robert Murray",0,"N00034492",104372,0.64,0.22,72.6,47.2,0.299999999999997
"CA2","CA","D",-1,"Jared Huffman",0,"N00033030",59849,-2.57,0.67,0.3,0,99.5
"CA2","CA","R",1,"Daniel Roberts",0,"N00032559",136143,0.26,0.09,55.8,15,0.5
"CA20","CA","D",-1,"Samuel Farr",0,"N00007312",26745,-0.91,0.12,22.3,0,53.2
"CA20","CA","R",1,"Jeff Taylor",0,"N00029313",104265,0.26,0.09,55.8,15,0.5
"CA21","CA","D",-1,"John Hernandez",0,"N00009583",29743,-1.59,0.86,3.6,0,92.6
"CA22","CA","R",1,"Devin Nunes",0,"N00007248",16725,1.35,0.8,87.4,75.7,0
"CA23","CA","R",1,"Kevin McCarthy",0,"N00028152",28918,0.63,0.13,71.7,45.5,0.299999999999997
"CA23","CA","X",0,"Terry Phillips",0,"N00034387",136302,-0.48,0.27,34.6,0,27.9
"CA24","CA","D",-1,"Lois Capps",0,"N00007232",16886,-0.53,0.21,32.4,0,32.4
"CA24","CA","R",1,"Abel Maldonado",0,"N00033039",16814,0.08,0.13,49.7,4.9,1.90000000000001
"CA25","CA","D",-1,"Lee Rogers",0,"N00033372",136338,-1.92,1.15,1,0,97.9
"CA25","CA","R",1,"Howard McKeon",1,"N00006882",26755,0.71,0.17,75.5,52.8,0.299999999999997
"CA26","CA","D",-1,"Julia Brownley",0,"N00034254",59904,-1.76,0.33,1.5,0,96.8
"CA26","CA","R",1,"Anthony Strickland",0,"N00026322",16765,0.35,0.24,58.6,20.4,0.5
"CA27","CA","D",-1,"Judy Chu",0,"N00030600",16539,-1.16,0.27,18.4,0,61.4
"CA27","CA","R",1,"Jack Orswell",0,"N00034310",137159,0.29,0.22,56.6,16.5,0.5
"CA28","CA","D",-1,"Adam Schiff",0,"N00009585",9489,-0.91,0.35,22.3,0,53.2
"CA28","CA","R",1,"Phil Jennerjahn",0,"N00032208",120092,1.79,0.76,99.7,99.5,0
"CA29","CA","D",-1,"Tony Cardenas",0,"N00033373",9754,-1.27,0.56,15.7,0,67
"CA29","CA","X",0,"David Hernandez",0,"N00025084",29476,0.17,0.13,52.7,9.6,1.3
"CA3","CA","D",-1,"John Garamendi",0,"N00030856",29664,-1.11,0.47,19.4,0,59.3
"CA3","CA","R",1,"Kimberly Vann",0,"N00033454",82173,0.1,0.12,50.4,6.1,1.90000000000001
"CA30","CA","D",-1,"Brad Sherman",0,"N00006897",142,-0.95,0.43,22,0,54
"CA30","CA","D",-1,"Howard Berman",0,"N00008094",26756,-0.88,0.39,23.1,0,51.6
"CA31","CA","R",1,"Robert Dutton",0,"N00033998",28838,0.77,0.16,77.7,57,0.299999999999997
"CA31","CA","R",1,"Gary Miller",0,"N00006954",8346,0.75,0.1,77.2,56,0.299999999999997
"CA32","CA","D",-1,"Grace Napolitano",0,"N00006789",8393,-0.72,0.13,27.2,0,43.1
"CA32","CA","R",1,"David Miller",0,"N00032412",120297,0.71,0.12,75.5,52.8,0.299999999999997
"CA33","CA","D",-1,"Henry Waxman",0,"N00001861",26753,-0.79,0.13,25.4,0,46.8
"CA33","CA","X",0,"Bill Bloomfield",0,"N00034495",137164,-0.13,0.17,44.9,1,7.7
"CA34","CA","D",-1,"Xavier Becerra",0,"N00009774",26754,-0.6,0.26,30.2,0,37
"CA34","CA","R",1,"Stephen Smith",0,"N00032413",120088,1.01,0.31,81.6,64.6,0.299999999999997
"CA35","CA","D",-1,"Joe Baca",0,"N00007089",8039,-1.16,0.52,18.4,0,61.4
"CA36","CA","D",-1,"Raul Ruiz",0,"N00033510",136407,-2.14,0.6,0.6,0,98.7
"CA36","CA","R",1,"Mary Bono Mack",0,"N00007068",1434,0.15,0.12,51.5,8.1,1.59999999999999
"CA37","CA","D",-1,"Karen Bass",0,"N00031877",28963,-1.72,0.55,2,0,95.7
"CA38","CA","D",-1,"Linda SÃ¡nchez",0,"N00024870",29674,-1.03,0.16,20.3,0,57.4
"CA38","CA","R",1,"Benjamin Campos",0,"N00033999",136408,0.57,0.25,69,40.3,0.299999999999997
"CA39","CA","D",-1,"Jay Chen",0,"N00034000",136411,-0.78,0.32,25.8,0,46
"CA39","CA","R",1,"Edward Royce",0,"N00008264",26772,1.59,0.93,95.9,92.1,0
"CA4","CA","D",-1,"Jack Uppal",0,"N00033795",136148,-0.95,0.55,22,0,54
"CA4","CA","R",1,"Tom McClintock",1,"N00006863",9715,0.88,0.38,81.2,63.9,0.299999999999997
"CA40","CA","D",-1,"David Sanchez",0,"N00032211",137169,-0.06,0.09,46.1,1.2,5.59999999999999
"CA40","CA","D",-1,"Lucille Roybal-Allard",0,"N00006671",26766,-1.61,0.38,2.7,0,94.4
"CA41","CA","D",-1,"Mark Takano",0,"N00006701",22337,-0.62,0.31,29.4,0,38.6
"CA42","CA","D",-1,"Michael Williamson",0,"N00029468",104288,0.2,0.09,53.9,11.5,0.799999999999997
"CA42","CA","R",1,"Ken Calvert",0,"N00007099",26777,0.64,0.12,72.6,47.2,0.299999999999997
"CA43","CA","D",-1,"Maxine Waters",0,"N00006690",26759,-1.57,0.55,4.2,0,91.2
"CA44","CA","D",-1,"Laura Richardson",0,"N00029112",69508,-1.28,0.41,15.2,0,68.1
"CA44","CA","D",-1,"Janice Hahn",0,"N00006806",70502,-2.18,0.66,0.5,0,98.9
"CA45","CA","D",-1,"Sukhee Kang",0,"N00033379",70190,-0.17,0.18,43.3,0.7,10.6
"CA45","CA","R",1,"John Campbell",0,"N00027565",29368,0.51,0.25,65.4,33.4,0.5
"CA46","CA","D",-1,"Loretta Sanchez",0,"N00008274",203,-0.67,0.1,28.8,0,39.9
"CA46","CA","R",1,"Jerry Hayden",0,"N00034256",136416,1.18,0.81,83.4,68.1,0.299999999999997
"CA47","CA","D",-1,"Alan Lowenthal",0,"N00033274",16469,-0.95,0.2,22,0,54
"CA47","CA","R",1,"Gary DeLong",0,"N00033378",70448,0,0.12,47.6,2,3.2
"CA48","CA","D",-1,"Ron Varasteh",0,"N00034498",138296,-1.42,0.5,9.8,0,79.5
"CA48","CA","R",1,"Dana Rohrabacher",0,"N00007151",26763,0.7,0.36,74.7,51.4,0.299999999999997
"CA49","CA","D",-1,"Jerry Tetalman",0,"N00033456",136417,-1.92,0.79,1,0,97.9
"CA49","CA","R",1,"Darrell Issa",1,"N00007017",16553,1.37,0.74,88.3,77.4,0
"CA5","CA","D",-1,"Michael Thompson",0,"N00007419",3564,-0.83,0.14,24.4,0,48.9
"CA5","CA","R",1,"Joseph Loftin",0,"N00034488",138265,1.35,0.36,87.4,75.7,0
"CA50","CA","D",-1,"David Secor",0,"N00034257",136419,-1.35,0.47,13.1,0,72.6
"CA50","CA","R",1,"Duncan Hunter",0,"N00029258",104308,1.77,0.53,99.6,99.3,0
"CA51","CA","R",1,"Michael Crimmins",0,"N00029473",104313,0.41,0.07,61.8,26.5,0.5
"CA52","CA","D",-1,"Scott Peters",0,"N00033591",70351,-1.48,0.54,6.6,0,86.2
"CA52","CA","R",1,"Brian Bilbray",0,"N00006981",21916,-0.02,0.08,47.1,1.7,4
"CA53","CA","D",-1,"Susan Davis",1,"N00009604",8168,-0.67,0.1,28.8,0,39.9
"CA53","CA","R",1,"Nick Popaditch",0,"N00031199",120116,1.5,0.79,93.5,87.5,0
"CA6","CA","D",-1,"Doris Matsui",0,"N00027459",28593,-1.16,0.7,18.4,0,61.4
"CA6","CA","R",1,"Joseph McCray",0,"N00034384",138266,0.1,0.11,50.4,6.1,1.90000000000001
"CA7","CA","D",-1,"Ami Bera",0,"N00030717",120030,-1.01,0.48,20.8,0,56.4
"CA7","CA","R",1,"Daniel Lungren",0,"N00011971",16730,1.58,0.74,95.4,91.2,0
"CA8","CA","R",1,"Gregg Imus",0,"N00033376",136165,1.15,0.59,82.5,66.3,0.299999999999997
"CA8","CA","R",1,"Paul Cook",0,"N00034224",58121,1.19,0.7,83.9,69,0.299999999999997
"CA9","CA","D",-1,"Gerald McNerney",0,"N00026926",29474,-0.44,0.09,36.2,0,24.7
"CA9","CA","R",1,"Ricky Gill",0,"N00033038",136175,1.18,0.71,83.4,68.1,0.299999999999997
"CO1","CO","D",-1,"Diana DeGette",1,"N00006134",561,-1.39,0.7,11.3,0,76.3
"CO1","CO","R",1,"Danny Stroud",0,"N00034003",125470,1.35,0.87,87.4,75.7,0
"CO2","CO","D",-1,"Jared Polis",1,"N00029127",106220,-1.25,0.62,16.1,0,66.2
"CO2","CO","R",1,"Kevin Lundberg",0,"N00034005",16898,1.37,0.78,88.3,77.4,0
"CO3","CO","D",-1,"Salvatore Pace",0,"N00033279",106588,-1.31,0.65,14.7,0,69.1
"CO3","CO","R",1,"Scott Tipton",1,"N00027509",65403,0.59,0.26,70.1,42.3,0.299999999999997
"CO4","CO","D",-1,"Brandon Shaffer",0,"N00033380",29854,-1.08,0.63,19.8,0,58.5
"CO4","CO","R",1,"Cory Gardner",1,"N00030780",30004,1.41,0.74,90.1,80.8,0
"CO5","CO","R",1,"Douglas Lamborn",1,"N00028133",2698,1.98,0.97,100,100,0
"CO6","CO","D",-1,"Joe Miklosi",0,"N00033381",106458,-1.54,0.86,4.4,0,90.7
"CO6","CO","R",1,"Michael Coffman",1,"N00024753",1535,0.85,0.36,80.6,62.7,0.299999999999997
"CO7","CO","D",-1,"Ed Perlmutter",1,"N00027510",2653,-0.56,0.24,31.2,0,34.8
"CO7","CO","R",1,"Joe Coors",0,"N00033880",135695,1.46,0.86,91.5,83.5,0
"CT1","CT","D",-1,"John Larson",1,"N00000575",17188,-1.6,0.78,3.2,0,93.4
"CT2","CT","D",-1,"Joseph Courtney",1,"N00024842",30333,-1.33,0.93,13.6,0,71.5
"CT3","CT","D",-1,"Rosa DeLauro",1,"N00000615",26788,-0.89,0.12,22.8,0,52.1
"CT3","CT","R",1,"Wayne Winsley",0,"N00033596",137607,1.34,0.84,86.9,74.7,0
"CT4","CT","D",-1,"James Himes",1,"N00029070",106744,-1.41,0.74,10.5,0,77.9
"CT4","CT","R",1,"Steve Obsitnik",0,"N00033595",137591,-0.05,0.12,46.4,1.5,5.09999999999999
"CT5","CT","D",-1,"Elizabeth Esty",0,"N00033217",72826,-1.32,0.7,14.2,0,70.2
"CT5","CT","R",1,"Andrew Roraback",0,"N00033736",7244,0.01,0.1,47.8,2.2,2.90000000000001
"DE1","DE","R",1,"Thomas Kovach",0,"N00033719",110895,-0.3,0.41,40.1,0.2,16.8
"FL1","FL","D",-1,"James Bryan",0,"N00030237",107652,-1.44,0.69,8,0,83.2
"FL1","FL","R",1,"Jefferson Miller",1,"N00013846",17276,0.56,0.14,68.3,38.8,0.299999999999997
"FL10","FL","D",-1,"Val Demings",0,"N00033449",137637,-1.17,0.87,18,0,62.2
"FL10","FL","R",1,"Daniel Webster",0,"N00026335",24302,0.71,0.36,75.5,52.8,0.299999999999997
"FL11","FL","D",-1,"H. Werder",0,"N00025749",31038,0.16,0.08,52.3,9.3,1.3
"FL11","FL","R",1,"Richard Nugent",0,"N00032441",124333,0.55,0.25,67.4,37.3,0.5
"FL12","FL","D",-1,"Jonathan Snow",0,"N00033803",137641,-0.87,0.38,23.4,0,51.1
"FL12","FL","R",1,"Gus Bilirakis",0,"N00027462",17318,1.42,0.8,90.4,81.3,0
"FL13","FL","D",-1,"Jessica Ehrlich",0,"N00034014",137644,-1.26,0.75,15.9,0,66.8
"FL13","FL","R",1,"Charles Young",0,"N00001817",26802,0.42,0.21,62.6,28,0.5
"FL14","FL","D",-1,"Kathy Castor",0,"N00027514",53825,-1.44,0.81,8,0,83.2
"FL14","FL","R",1,"Evelio Otero",0,"N00033598",137648,0.58,0.24,69.4,41,0.299999999999997
"FL15","FL","R",1,"Dennis Ross",0,"N00030645",12813,1.67,0.95,98.6,97.3,0
"FL16","FL","D",-1,"Keith Fitzgerald",0,"N00033599",68136,-1.13,0.86,19.2,0,59.8
"FL16","FL","R",1,"Vern Buchanan",0,"N00027626",66247,0.7,0.39,74.7,51.4,0.299999999999997
"FL17","FL","D",-1,"William Bronson",0,"N00002517",140358,-0.54,0.23,31.9,0,33.5
"FL17","FL","R",1,"Thomas Rooney",0,"N00029018",107800,0.65,0.3,73,47.9,0.299999999999997
"FL18","FL","D",-1,"Patrick Murphy",0,"N00033091",137652,-1.42,0.69,9.8,0,79.5
"FL18","FL","R",1,"Allen West",0,"N00029131",124348,0.78,0.37,78.2,58,0.299999999999997
"FL19","FL","D",-1,"James Roach",0,"N00031368",117740,-0.28,0.08,40.6,0.2,15.7
"FL19","FL","R",1,"Trey Radel",0,"N00034017",137658,1.17,0.71,83.1,67.6,0.299999999999997
"FL2","FL","D",-1,"Alfred Lawson",0,"N00030642",24263,-1.32,0.8,14.2,0,70.2
"FL2","FL","R",1,"William Southerland",1,"N00031204",124329,1.67,0.8,98.6,97.3,0
"FL20","FL","D",-1,"Alcee Hastings",0,"N00002884",26798,-0.83,0.14,24.4,0,48.9
"FL21","FL","D",-1,"Theodore Deutch",0,"N00031317",67151,-0.89,0.45,22.8,0,52.1
"FL22","FL","D",-1,"Lois Frankel",0,"N00002893",8102,-0.99,0.24,21.2,0,55.6
"FL22","FL","R",1,"Adam Hasner",0,"N00033166",31241,1.56,0.85,94.7,89.7,0
"FL23","FL","D",-1,"Debbie Wasserman Schultz",0,"N00026106",24301,-0.64,0.11,29.3,0,38.8
"FL23","FL","R",1,"Karen Harrington",0,"N00031606",124346,0.73,0.13,76.1,54.1,0.299999999999997
"FL24","FL","D",-1,"Frederica Wilson",0,"N00030650",17319,-1.25,0.32,16.1,0,66.2
"FL25","FL","R",1,"Mario Diaz-Balart",0,"N00025337",24312,0.22,0.13,54.7,12.8,0.5
"FL26","FL","D",-1,"Joe Garcia",0,"N00029908",124355,-1.5,0.89,5.8,0,87.8
"FL26","FL","R",1,"David Rivera",0,"N00031887",31234,0.47,0.22,64.2,31.2,0.5
"FL27","FL","R",1,"Ileana Ros-Lehtinen",0,"N00002858",26815,0.14,0.11,51,7.4,1.90000000000001
"FL3","FL","D",-1,"Jacques Gaillot",0,"N00034398",137623,-0.69,0.26,28.2,0,41
"FL3","FL","R",1,"Theodore Yoho",0,"N00033220",137622,0.43,0.19,63.1,29,0.5
"FL4","FL","R",1,"Ander Crenshaw",1,"N00012739",31130,0.8,0.13,79.7,60.9,0.299999999999997
"FL5","FL","D",-1,"Corrine Brown",0,"N00002713",26797,-0.68,0.11,28.3,0,40.7
"FL5","FL","R",1,"LeAnne Kolb",0,"N00032229",137627,1.74,0.84,99.4,98.8,0
"FL6","FL","D",-1,"Heather Beaven",0,"N00030921",117030,-0.42,0.09,37.1,0,22.9
"FL6","FL","R",1,"Ron DeSantis",0,"N00034746",137630,1.37,0.65,88.3,77.4,0
"FL7","FL","D",-1,"Jason Kendall",0,"N00034394",137632,-0.09,0.13,45.6,1.2,6.59999999999999
"FL7","FL","R",1,"John Mica",1,"N00002793",26805,0.4,0.07,60.9,24.8,0.5
"FL8","FL","D",-1,"Shannon Roberts",0,"N00031212",117218,-0.4,0.16,37.4,0,22.1
"FL8","FL","R",1,"Bill Posey",0,"N00029662",24280,0.32,0.11,57.6,18.4,0.5
"FL9","FL","D",-1,"Alan Grayson",0,"N00028418",68184,-1.46,0.69,7.2,0,84.8
"FL9","FL","R",1,"William Long",0,"N00028925",117162,0.68,0.13,74.1,50.1,0.299999999999997
"GA1","GA","D",-1,"Lesli Messinger",0,"N00034840",140201,-1.27,0.83,15.7,0,67
"GA1","GA","R",1,"Jack Kingston",1,"N00002656",26816,0.36,0.08,59,21.1,0.5
"GA10","GA","R",1,"Paul Broun",1,"N00028986",70001,1.15,0.22,82.5,66.3,0.299999999999997
"GA11","GA","D",-1,"J. Thompson",0,"N00034843",122649,-0.48,0.12,34.6,0,27.9
"GA11","GA","R",1,"Phil Gingrey",1,"N00024760",17644,0.21,0.09,54.3,12,0.5
"GA12","GA","D",-1,"John Barrow",1,"N00026080",31780,0.05,0.11,48.9,3.7,2.40000000000001
"GA12","GA","R",1,"Lee Anderson",0,"N00033519",84624,0.79,0.37,79.1,59.7,0.299999999999997
"GA13","GA","D",-1,"David Scott",1,"N00024871",7826,-0.29,0.13,40.5,0.2,16
"GA13","GA","R",1,"S. Malik",0,"N00034859",140217,1.27,0.82,85.5,72,0
"GA14","GA","R",1,"Tom Graves",0,"N00030788",31969,1.42,0.7,90.4,81.3,0
"GA2","GA","D",-1,"Sanford Bishop",1,"N00002674",26817,-0.12,0.07,45.1,1,7.40000000000001
"GA2","GA","R",1,"John House",0,"N00034022",136041,0.24,0.13,55.2,13.8,0.5
"GA3","GA","R",1,"Lynn Westmoreland",1,"N00026163",8001,0.95,0.2,81.3,64.1,0.299999999999997
"GA4","GA","D",-1,"Henry Johnson",1,"N00027848",68070,-0.83,0.37,24.4,0,48.9
"GA4","GA","R",1,"J. Vaughn",0,"N00034759",136046,1.48,0.85,92.4,85.3,0
"GA5","GA","D",-1,"John Lewis",1,"N00002577",26820,-1.02,0.18,20.4,0,57.2
"GA5","GA","R",1,"Howard Stopeck",0,"N00023434",136048,0.03,0.22,48.4,3.2,2.90000000000001
"GA6","GA","D",-1,"Jeff Kazanow",0,"N00034836",140206,-0.81,0.33,24.7,0,48.1
"GA6","GA","R",1,"Thomas Price",1,"N00026160",11853,0.39,0.13,60.3,23.6,0.5
"GA7","GA","D",-1,"Steven Reilly",0,"N00034783",140208,-0.88,0.38,23.1,0,51.6
"GA7","GA","R",1,"Rob Woodall",1,"N00032416",122251,0.78,0.38,78.2,58,0.299999999999997
"GA8","GA","R",1,"James Scott",1,"N00032457",11812,0.47,0.16,64.2,31.2,0.5
"GA9","GA","D",-1,"Jody Cooley",0,"N00034861",140210,-1.41,0.93,10.5,0,77.9
"GA9","GA","R",1,"Douglas Collins",0,"N00033518",67851,1.41,0.58,90.1,80.8,0
"HI1","HI","D",-1,"Colleen Hanabusa",1,"N00025881",17745,-0.8,0.21,25,0,47.6
"HI1","HI","R",1,"Charles Djou",0,"N00029460",17827,0.15,0.1,51.5,8.1,1.59999999999999
"HI2","HI","D",-1,"Tulsi Gabbard",0,"N00033281",129306,-1.6,0.93,3.2,0,93.4
"HI2","HI","R",1,"Kawika Crowley",0,"N00034882",140353,1.38,0.74,89,78.6,0
"IA1","IA","D",-1,"Bruce Braley",1,"N00027464",57382,-1.22,0.62,16.8,0,64.9
"IA1","IA","R",1,"Benjamin Lange",0,"N00031610",121992,0.61,0.3,70.9,44,0.299999999999997
"IA2","IA","D",-1,"David Loebsack",1,"N00027741",68964,-0.76,0.15,26.1,0,45.2
"IA2","IA","R",1,"John Archer",0,"N00033385",128056,0.36,0.2,59,21.1,0.5
"IA3","IA","D",-1,"Leonard Boswell",1,"N00004208",384,-0.3,0.08,40.1,0.2,16.8
"IA3","IA","R",1,"Thomas Latham",0,"N00004227",22175,0.45,0.08,63.6,30,0.5
"IA4","IA","D",-1,"Christie Vilsack",0,"N00033099",135717,-0.99,0.63,21.2,0,55.6
"IA4","IA","R",1,"Steve King",0,"N00025237",10853,0.52,0.22,66.2,35.1,0.5
"ID1","ID","D",-1,"Jimmy Farris",0,"N00033607",135863,-0.53,0.22,32.4,0,32.4
"ID1","ID","R",1,"RaÃºl Labrador",1,"N00031377",57391,0.69,0.28,74.4,50.6,0.299999999999997
"ID2","ID","D",-1,"Nicole LeFavour",0,"N00034508",33165,-0.65,0.13,29.1,0,39.4
"ID2","ID","R",1,"Michael Simpson",1,"N00006263",2917,0.6,0.09,70.4,43,0.299999999999997
"IL1","IL","D",-1,"Bobby Rush",1,"N00004887",26831,-1.31,0.58,14.7,0,69.1
"IL1","IL","R",1,"Donald Peloquin",0,"N00033807",134932,-0.24,0.19,41.9,0.5,13.3
"IL10","IL","D",-1,"Brad Schneider",0,"N00033101",134948,-1.6,0.76,3.2,0,93.4
"IL10","IL","R",1,"Robert Dold",1,"N00031103",116548,0.16,0.11,52.3,9.3,1.3
"IL11","IL","D",-1,"Bill Foster",0,"N00029139",101632,-0.38,0.15,37.8,0,21.3
"IL11","IL","R",1,"Judy Biggert",0,"N00004762",6298,0.31,0.09,57.4,17.9,0.5
"IL12","IL","D",-1,"William Enyart",0,"N00034884",110744,-0.33,0.18,38.8,0,19.1
"IL12","IL","R",1,"Jason Plummer",0,"N00033613",122133,1.38,0.69,89,78.6,0
"IL13","IL","D",-1,"David Gill",0,"N00026221",33722,-0.52,0.08,32.9,0,31.4
"IL13","IL","R",1,"Rodney Davis",0,"N00034784",9622,0.39,0.14,60.3,23.6,0.5
"IL14","IL","D",-1,"Dennis Anderson",0,"N00033885",134961,-1.89,0.92,1.3,0,97.3
"IL14","IL","R",1,"Randall Hultgren",1,"N00031104",18199,0.84,0.36,80.5,62.4,0.299999999999997
"IL15","IL","R",1,"John Shimkus",0,"N00004961",246,0.42,0.08,62.6,28,0.5
"IL16","IL","D",-1,"Wanda Rohl",0,"N00034785",142353,-1.64,0.96,2.4,0,94.9
"IL16","IL","R",1,"Adam Kinzinger",0,"N00030667",116559,0.59,0.26,70.1,42.3,0.299999999999997
"IL17","IL","D",-1,"Cheri Bustos",0,"N00033390",134964,-0.53,0.25,32.4,0,32.4
"IL17","IL","R",1,"Robert Schilling",1,"N00030668",116570,0.22,0.13,54.7,12.8,0.5
"IL18","IL","D",-1,"Steve Waterworth",0,"N00028026",33598,-0.46,0.09,35.4,0,26.3
"IL18","IL","R",1,"Aaron Schock",1,"N00029273",33428,0.78,0.34,78.2,58,0.299999999999997
"IL2","IL","D",-1,"Jesse Jackson",1,"N00012457",72,-2.83,0.74,0.1,0,99.7
"IL2","IL","R",1,"Brian Woodworth",0,"N00034028",134934,0.16,0.12,52.3,9.3,1.3
"IL3","IL","D",-1,"Daniel Lipinski",1,"N00027239",33692,-0.16,0.12,43.8,0.7,9.59999999999999
"IL3","IL","R",1,"Richard Grabowski",0,"N00033883",116628,1.35,0.71,87.4,75.7,0
"IL4","IL","D",-1,"Luis Gutierrez",1,"N00004874",26841,-1.13,0.2,19.2,0,59.8
"IL5","IL","D",-1,"Mike Quigley",1,"N00030581",83310,-1.59,0.64,3.6,0,92.6
"IL5","IL","R",1,"Dan Schmitt",0,"N00011190",134939,0.73,0.37,76.1,54.1,0.299999999999997
"IL6","IL","D",-1,"Leslie Coolidge",0,"N00033745",134940,-1.43,0.7,8.4,0,82.4
"IL6","IL","R",1,"Peter Roskam",1,"N00004719",6382,1.57,0.68,95.2,90.7,0
"IL7","IL","D",-1,"Danny Davis",1,"N00004884",233,-1.14,0.17,18.7,0,60.9
"IL8","IL","D",-1,"L. Tammy Duckworth",0,"N00027860",57442,-1.32,0.55,14.2,0,70.2
"IL8","IL","R",1,"Joe Walsh",1,"N00004723",116545,0.62,0.29,71.3,44.7,0.299999999999997
"IL9","IL","D",-1,"Janice Schakowsky",1,"N00004724",6387,-1.42,0.2,9.8,0,79.5
"IL9","IL","R",1,"Timothy Wolfe",0,"N00033746",134946,0.87,0.39,80.8,63.1,0.299999999999997
"IN1","IN","D",-1,"Peter Visclosky",1,"N00003813",26851,-0.49,0.1,34.1,0,28.7
"IN1","IN","R",1,"Joel Phelps",0,"N00033748",135984,1.22,0.73,84.4,70,0.299999999999997
"IN2","IN","R",1,"Jackie Walorski",0,"N00031226",34205,1.49,0.87,93.1,86.7,0
"IN3","IN","D",-1,"Kevin Boyd",0,"N00027574",84587,-1.27,0.8,15.7,0,67
"IN3","IN","R",1,"Marlin Stutzman",1,"N00030891",34230,1.27,0.61,85.5,72,0
"IN4","IN","D",-1,"Tara Nelson",0,"N00031912",120314,-0.25,0.09,41.2,0.2,14.4
"IN4","IN","R",1,"Todd Rokita",1,"N00031741",34167,0.75,0.36,77.2,56,0.299999999999997
"IN5","IN","R",1,"Susan Brooks",0,"N00033495",135988,1.25,0.75,84.9,70.8,0
"IN6","IN","R",1,"Luke Messer",0,"N00012546",33997,1.27,0.66,85.5,72,0
"IN7","IN","D",-1,"AndrÃ© Carson",1,"N00029513",84917,-1.35,0.64,13.1,0,72.6
"IN7","IN","R",1,"Carlos May",0,"N00031003",120331,1.43,0.74,90.7,82.1,0
"IN8","IN","D",-1,"David Crooks",0,"N00033242",10412,-0.18,0.12,43,0.7,11.2
"IN8","IN","R",1,"Larry Bucshon",1,"N00031227",120335,0.31,0.14,57.4,17.9,0.5
"IN9","IN","D",-1,"Shelli Yoder",0,"N00034330",135982,-0.76,0.22,26.1,0,45.2
"IN9","IN","R",1,"Todd Young",1,"N00030670",120345,1.6,0.78,96.6,93.4,0
"KS1","KS","R",1,"Tim Huelskamp",1,"N00027649",12571,0.65,0.24,73,47.9,0.299999999999997
"KS2","KS","D",-1,"Tobias Schlingensiepen",0,"N00034837",140710,-1.2,0.89,17.3,0,63.8
"KS2","KS","R",1,"Lynn Jenkins",1,"N00029077",18594,0.3,0.1,56.7,16.7,0.5
"KS3","KS","R",1,"Kevin Yoder",1,"N00031502",34433,0.6,0.29,70.4,43,0.299999999999997
"KS4","KS","R",1,"Mike Pompeo",1,"N00030744",125023,0.71,0.38,75.5,52.8,0.299999999999997
"KY1","KY","D",-1,"Charles Hatchett",0,"N00018217",117553,0.21,0.07,54.3,12,0.5
"KY1","KY","R",1,"Edward Whitfield",1,"N00003467",21873,0.43,0.11,63.1,29,0.5
"KY2","KY","R",1,"Steven Guthrie",1,"N00029675",18829,0.57,0.16,69,40.3,0.299999999999997
"KY3","KY","D",-1,"John Yarmuth",1,"N00028073",58579,-1.66,0.75,2.3,0,95.2
"KY3","KY","R",1,"Scott Wicker",0,"N00032265",117557,1.52,0.6,93.8,88,0
"KY4","KY","D",-1,"William Adkins",0,"N00034300",137177,-0.43,0.29,36.5,0,23.9
"KY4","KY","R",1,"Thomas Massie",0,"N00034041",132068,1.41,0.63,90.1,80.8,0
"KY5","KY","D",-1,"Kenneth Stepp",0,"N00028039",56959,0.01,0.07,47.8,2.2,2.90000000000001
"KY5","KY","R",1,"Harold Rogers",1,"N00003473",26875,0.39,0.18,60.3,23.6,0.5
"KY6","KY","D",-1,"Albert Chandler",1,"N00026591",1891,0.08,0.1,49.7,4.9,1.90000000000001
"KY6","KY","R",1,"Garland Barr",0,"N00031233",117290,1.3,0.64,86.2,73.2,0
"LA1","LA","D",-1,"Manillo Mendoza",0,"N00027326",35633,-0.31,0.09,39.3,0,18.1
"LA1","LA","R",1,"Stephen Scalise",1,"N00009660",9026,1.19,0.73,83.9,69,0.299999999999997
"LA2","LA","D",-1,"Gary Landrieu",0,NA,143022,-0.04,0.22,46.7,1.5,4.5
"LA2","LA","D",-1,"Caleb Trotter",0,NA,143024,0,0.16,47.6,2,3.2
"LA2","LA","D",-1,"Cedric Richmond",1,"N00030184",35384,-0.52,0.24,32.9,0,31.4
"LA3","LA","R",1,"Bryan Barrilleaux",0,NA,143025,1.54,0.68,94.3,88.9,0
"LA3","LA","R",1,"Charles Boustany",0,"N00026595",35514,1.59,0.77,95.9,92.1,0
"LA3","LA","R",1,"Jeff Landry",1,"N00031503",93509,1.38,0.68,89,78.6,0
"LA4","LA","R",1,"John Fleming",1,"N00029679",108811,1.7,0.86,99.1,98.3,0
"LA5","LA","R",1,"Rodney Alexander",1,"N00025464",4545,0.8,0.37,79.7,60.9,0.299999999999997
"LA6","LA","R",1,"William Cassidy",1,"N00030245",69494,1.33,0.88,86.7,74.2,0
"MA1","MA","D",-1,"Richard Neal",0,"N00000153",26895,-0.58,0.09,30.6,0,36.2
"MA2","MA","D",-1,"James McGovern",0,"N00000179",552,-1.42,0.23,9.8,0,79.5
"MA3","MA","D",-1,"Nicola Tsongas",0,"N00029026",89417,-1.52,0.69,4.9,0,89.6
"MA3","MA","R",1,"Jonathan Golnik",0,"N00031234",124907,0.35,0.16,58.6,20.4,0.5
"MA4","MA","D",-1,"Joseph Kennedy",0,"N00034044",141275,-1.39,0.62,11.3,0,76.3
"MA4","MA","R",1,"Sean Bielat",0,"N00031747",124904,0.31,0.15,57.4,17.9,0.5
"MA5","MA","D",-1,"Edward Markey",0,"N00000270",26900,-0.78,0.14,25.8,0,46
"MA5","MA","R",1,"Thomas Tierney",0,"N00000183",13531,-0.14,0.07,44.8,1,7.7
"MA6","MA","D",-1,"John Tierney",1,"N00000226",553,-0.5,0.11,33.5,0,30.1
"MA6","MA","R",1,"Richard Tisei",0,"N00033812",4760,0.04,0.11,48.7,3.7,2.7
"MA7","MA","D",-1,"Michael Capuano",0,"N00000267",18883,-0.72,0.12,27.2,0,43.1
"MA8","MA","D",-1,"Stephen Lynch",0,"N00013855",4844,-0.4,0.16,37.4,0,22.1
"MA8","MA","R",1,"Joe Selvaggi",0,"N00034270",141285,1.17,0.73,83.1,67.6,0.299999999999997
"MA9","MA","D",-1,"William Keating",0,"N00031933",4743,-1.27,0.54,15.7,0,67
"MA9","MA","R",1,"Christopher Sheldon",0,"N00034046",141289,0.23,0.11,54.9,13.3,0.5
"MD1","MD","R",1,"Andrew Harris",1,"N00029147",19157,1.49,0.78,93.1,86.7,0
"MD2","MD","D",-1,"C.A. Dutch Ruppersberger",1,"N00025482",36130,-0.32,0.07,39.1,0,18.6
"MD2","MD","R",1,"Nancy Jacobs",0,"N00034048",6169,0.69,0.17,74.4,50.6,0.299999999999997
"MD3","MD","D",-1,"John Sarbanes",1,"N00027751",66575,-1.46,0.82,7.2,0,84.8
"MD3","MD","R",1,"Eric Knowles",0,"N00034052",127248,0.66,0.39,73.6,49.1,0.299999999999997
"MD4","MD","D",-1,"Donna Edwards",1,"N00028249",65085,-1.49,0.71,6,0,87.5
"MD4","MD","R",1,"Faith Loudon",0,"N00034056",135137,1.36,0.88,87.6,75.9,0
"MD5","MD","D",-1,"Steny Hoyer",1,"N00001821",26890,-0.48,0.09,34.6,0,27.9
"MD5","MD","R",1,"Anthony O'Donnell",0,"N00033895",6204,0.67,0.15,73.9,49.6,0.299999999999997
"MD6","MD","D",-1,"John Delaney",0,"N00033897",135143,-1.41,0.75,10.5,0,77.9
"MD6","MD","R",1,"Roscoe Bartlett",1,"N00002017",26891,0.57,0.09,69,40.3,0.299999999999997
"MD7","MD","D",-1,"Elijah Cummings",1,"N00001971",345,-0.84,0.13,23.9,0,50
"MD7","MD","R",1,"Frank Mirabile",0,"N00032672",125697,0.41,0.1,61.8,26.5,0.5
"MD8","MD","D",-1,"Christopher Van Hollen",1,"N00013820",6098,-0.91,0.35,22.3,0,53.2
"MD8","MD","R",1,"Kenneth Timmerman",0,"N00012668",36273,1.38,0.67,89,78.6,0
"ME1","ME","D",-1,"Chellie Pingree",1,"N00013817",6586,-1.44,0.23,8,0,83.2
"ME1","ME","R",1,"Jonathan Courtney",0,"N00034516",37167,0.19,0.1,53.4,11.1,1.3
"ME2","ME","D",-1,"Michael Michaud",1,"N00024770",6582,-0.54,0.1,31.9,0,33.5
"ME2","ME","R",1,"Kevin Raye",0,"N00013867",36606,0.06,0.11,49,3.9,2.40000000000001
"MI1","MI","D",-1,"Gary McDowell",0,"N00032587",37387,0.04,0.18,48.7,3.7,2.7
"MI1","MI","R",1,"Dan Benishek",1,"N00031934",123056,0.62,0.26,71.3,44.7,0.299999999999997
"MI10","MI","D",-1,"Chuck Stadler",0,"N00034892",139860,-0.08,0.11,45.7,1.2,6.40000000000001
"MI10","MI","R",1,"Candice Miller",1,"N00009795",2062,0.42,0.21,62.6,28,0.5
"MI11","MI","D",-1,"Syed Taj",0,"N00033623",111538,-1.36,0.68,12.4,0,73.9
"MI11","MI","R",1,"Kerry Bentivolio",0,"N00033625",123059,1.34,0.91,86.9,74.7,0
"MI12","MI","D",-1,"John Dingell",0,"N00001783",26917,-0.49,0.11,34.1,0,28.7
"MI12","MI","R",1,"Cynthia Kallgren",0,"N00034893",124088,1.29,0.8,86,73,0
"MI13","MI","D",-1,"John Conyers",0,"N00004029",26904,-0.8,0.14,25,0,47.6
"MI14","MI","D",-1,"Gary Peters",0,"N00029277",8749,-1.46,0.72,7.2,0,84.8
"MI14","MI","R",1,"John Hauler",0,"N00032594",124617,0.13,0.08,50.8,6.9,1.90000000000001
"MI2","MI","R",1,"Bill Huizenga",1,"N00030673",38351,0.8,0.35,79.7,60.9,0.299999999999997
"MI3","MI","D",-1,"Steven Pestka",0,"N00034405",19953,-0.36,0.13,37.9,0,21
"MI3","MI","R",1,"Justin Amash",1,"N00031938",105566,0.56,0.29,68.3,38.8,0.299999999999997
"MI4","MI","R",1,"David Camp",1,"N00008086",26911,0.66,0.13,73.6,49.1,0.299999999999997
"MI5","MI","D",-1,"Daniel Kildee",0,"N00033395",136102,-1.21,0.79,17,0,64.4
"MI6","MI","R",1,"Frederick Upton",1,"N00004133",26906,0.16,0.09,52.3,9.3,1.3
"MI7","MI","D",-1,"Kurt Haskell",0,"N00034517",139855,-0.24,0.13,41.9,0.5,13.3
"MI7","MI","R",1,"Timothy Walberg",1,"N00026368",8618,1.59,0.72,95.9,92.1,0
"MI8","MI","D",-1,"Lance Enderle",0,"N00032677",19995,-0.47,0.1,35,0,27.1
"MI8","MI","R",1,"Mike Rogers",1,"N00009668",8751,1.67,0.71,98.6,97.3,0
"MI9","MI","D",-1,"Sander Levin",0,"N00003950",26918,-0.34,0.08,38.5,0,19.9
"MI9","MI","R",1,"Don Volaric",0,"N00031943",124616,0.79,0.4,79.1,59.7,0.299999999999997
"MN1","MN","D",-1,"Timothy Walz",1,"N00027467",65443,-0.52,0.09,32.9,0,31.4
"MN1","MN","R",1,"Allen Quist",0,NA,138472,0.87,0.41,80.8,63.1,0.299999999999997
"MN2","MN","D",-1,"Mike Obermueller",0,"N00034629",68755,-1.37,0.79,11.8,0,75.3
"MN2","MN","R",1,"John Kline",1,"N00004436",20311,0.37,0.1,59.4,21.9,0.5
"MN3","MN","D",-1,"Brian Barnes",0,"N00033627",138482,-0.5,0.2,33.5,0,30.1
"MN3","MN","R",1,"Erik Paulsen",1,"N00029391",3833,0.55,0.29,67.4,37.3,0.5
"MN4","MN","D",-1,"Betty McCollum",1,"N00012942",3812,-0.81,0.14,24.7,0,48.1
"MN4","MN","R",1,"Anthony Hernandez",0,"N00033781",123029,0.27,0.21,56.1,15.5,0.5
"MN5","MN","D",-1,"Keith Ellison",1,"N00028257",38982,-1.78,0.23,1.4,0,97.1
"MN6","MN","D",-1,"Jim Graves",0,"N00034521",138494,-1.21,0.73,17,0,64.4
"MN6","MN","R",1,"Michele Bachmann",1,"N00027493",54675,1.64,0.79,97.6,95.3,0
"MN7","MN","D",-1,"Collin Peterson",1,"N00004558",26926,-0.03,0.12,47,1.5,4
"MN7","MN","R",1,"Lee Byberg",0,"N00031622",122952,0.88,0.14,81.2,63.9,0.299999999999997
"MN8","MN","D",-1,"Rick Nolan",0,"N00033446",138505,-1.35,0.64,13.1,0,72.6
"MN8","MN","R",1,"Chip Cravaack",1,"N00031623",122953,0.53,0.23,66.5,35.6,0.5
"MO1","MO","D",-1,"William Clay",1,"N00012460",8967,-0.78,0.11,25.8,0,46
"MO1","MO","R",1,"Robyn Hamlin",0,"N00031948",104571,0.22,0.08,54.7,12.8,0.5
"MO2","MO","D",-1,"Glenn Koenen",0,"N00034630",139106,-0.99,0.38,21.2,0,55.6
"MO2","MO","R",1,"Ann Wagner",0,"N00033106",136083,1.28,0.7,85.8,72.5,0
"MO3","MO","D",-1,"Eric Mayer",0,"N00034686",139110,-0.11,0.1,45.2,1,7.2
"MO3","MO","R",1,"Blaine Luetkemeyer",0,"N00030026",20400,0.66,0.15,73.6,49.1,0.299999999999997
"MO4","MO","D",-1,"Teresa Hensley",0,"N00034069",39159,-0.17,0.09,43.3,0.7,10.6
"MO4","MO","R",1,"Vicky Hartzler",1,"N00031005",8783,1.49,0.7,93.1,86.7,0
"MO5","MO","D",-1,"Emanuel Cleaver",1,"N00026790",39507,-0.46,0.08,35.4,0,26.3
"MO5","MO","R",1,"Jacob Turk",0,"N00028444",65309,1.22,0.68,84.4,70,0.299999999999997
"MO6","MO","R",1,"Samuel Graves",1,"N00013323",9425,1.84,0.9,99.9,99.8,0
"MO7","MO","D",-1,"Jim Evans",0,"N00034408",139115,-0.51,0.22,33.2,0,30.6
"MO7","MO","R",1,"Billy Long",1,"N00030676",123401,1.6,0.9,96.6,93.4,0
"MO8","MO","D",-1,"Jack Rushin",0,"N00034722",139117,-1.06,0.69,20.1,0,58
"MO8","MO","R",1,"Jo Ann Emerson",1,"N00005090",903,0.28,0.08,56.2,15.7,0.5
"MS1","MS","D",-1,"Brad Morris",0,"N00034071",39995,-1.13,0.73,19.2,0,59.8
"MS1","MS","R",1,"Patrick Nunnelee",1,"N00031006",8326,0.64,0.27,72.6,47.2,0.299999999999997
"MS2","MS","D",-1,"Bennie Thompson",1,"N00003288",26929,-0.33,0.08,38.8,0,19.1
"MS2","MS","R",1,"William Marcy",0,"N00031955",101990,1.51,0.66,93.7,87.7,0
"MS3","MS","R",1,"Gregg Harper",1,"N00029632",101985,1.5,0.65,93.5,87.5,0
"MS4","MS","R",1,"Steven Palazzo",1,"N00031958",69521,1.32,0.67,86.5,74,0
"MT1","MT","D",-1,"Kim Gillan",0,"N00033291",11152,-0.18,0.13,43,0.7,11.2
"MT1","MT","R",1,"Steve Daines",0,"N00033054",135720,1.41,0.81,90.1,80.8,0
"NC1","NC","D",-1,"George Butterfield",1,"N00027035",41077,-0.3,0.07,40.1,0.2,16.8
"NC1","NC","R",1,"Peter DiLauro",0,"N00034409",102891,0.64,0.4,72.6,47.2,0.299999999999997
"NC10","NC","D",-1,"Patricia Keever",0,"N00026376",41428,-1.36,0.69,12.4,0,73.9
"NC10","NC","R",1,"Patrick McHenry",1,"N00026627",21031,1.61,0.77,96.7,93.6,0
"NC11","NC","D",-1,"Hayden Rogers",0,"N00034342",136565,-0.15,0.15,44.3,0.7,8.5
"NC11","NC","R",1,"Mark Meadows",0,"N00033631",136459,1.57,0.66,95.2,90.7,0
"NC12","NC","D",-1,"Melvin Watt",1,"N00002328",26997,-1.04,0.14,20.2,0,57.7
"NC12","NC","R",1,"Jack Brosch",0,"N00033819",136567,0.34,0.16,58.2,19.7,0.5
"NC13","NC","D",-1,"Charles Malone",0,"N00034423",117778,-1.32,0.64,14.2,0,70.2
"NC13","NC","R",1,"George Holding",0,"N00033399",136462,1.44,0.84,91.1,82.8,0
"NC2","NC","D",-1,"Stephen Wilkins",0,"N00034333",136557,-0.47,0.2,35,0,27.1
"NC2","NC","R",1,"Renee Ellmers",1,"N00031513",120897,1.41,0.65,90.1,80.8,0
"NC3","NC","R",1,"Walter Jones",1,"N00002299",21785,0.64,0.15,72.6,47.2,0.299999999999997
"NC4","NC","D",-1,"David Price",1,"N00002260",119,-0.79,0.1,25.4,0,46.8
"NC4","NC","R",1,"Timothy D'Annunzio",0,"N00031118",117760,0.45,0.23,63.6,30,0.5
"NC5","NC","D",-1,"Elisabeth Motsinger",0,"N00034083",136442,-1.17,0.4,18,0,62.2
"NC5","NC","R",1,"Virginia Foxx",1,"N00026166",6051,0.79,0.12,79.1,59.7,0.299999999999997
"NC6","NC","R",1,"John Coble",1,"N00002247",27001,0.49,0.23,65,32.7,0.5
"NC7","NC","D",-1,"Douglas McIntyre",1,"N00002356",153,0.2,0.13,53.9,11.5,0.799999999999997
"NC7","NC","R",1,"David Rouzer",0,"N00033527",102964,1.37,0.68,88.3,77.4,0
"NC8","NC","D",-1,"Lawrence Kissell",1,"N00028859",57769,-0.05,0.12,46.4,1.5,5.09999999999999
"NC8","NC","R",1,"Richard Hudson",0,"N00033630",136448,0.82,0.36,80.2,61.9,0.299999999999997
"NC9","NC","R",1,"Robert Pittenger",0,"N00034416",41272,0.52,0.12,66.2,35.1,0.5
"ND1","ND","D",-1,"Pam Gulleson",0,"N00033633",7722,-0.15,0.09,44.3,0.7,8.5
"ND1","ND","R",1,"Kevin Cramer",0,"N00004614",444,0.59,0.1,70.1,42.3,0.299999999999997
"NE1","NE","D",-1,"Korey Reiman",0,"N00034424",136571,-1.35,0.77,13.1,0,72.6
"NE1","NE","R",1,"Jeff Fortenberry",1,"N00026631",41929,1.68,0.96,98.7,97.5,0
"NE2","NE","D",-1,"John Ewing",0,"N00033402",135496,-0.18,0.16,43,0.7,11.2
"NE2","NE","R",1,"Lee Terry",1,"N00005321",21276,0.35,0.17,58.6,20.4,0.5
"NE3","NE","D",-1,"Roger Sullivan",0,"N00034529",136573,-0.16,0.13,43.8,0.7,9.59999999999999
"NE3","NE","R",1,"Adrian Smith",1,"N00027623",21284,0.73,0.36,76.1,54.1,0.299999999999997
"NH1","NH","D",-1,"Carol Shea-Porter",0,"N00028091",65891,-1.33,0.78,13.6,0,71.5
"NH1","NH","R",1,"Frank Guinta",1,"N00030801",42946,1.64,0.9,97.6,95.3,0
"NH2","NH","D",-1,"Ann Kuster",0,"N00030875",122256,-1.73,0.86,1.8,0,96.3
"NH2","NH","R",1,"Charles Bass",1,"N00000423",22216,0.2,0.09,53.9,11.5,0.799999999999997
"NJ1","NJ","D",-1,"Robert Andrews",1,"N00000826",26949,-0.69,0.09,28.2,0,41
"NJ1","NJ","R",1,"Gregory Horton",0,"N00034632",134758,0.57,0.38,69,40.3,0.299999999999997
"NJ11","NJ","R",1,"Rodney Frelinghuysen",1,"N00000684",22177,0.08,0.08,49.7,4.9,1.90000000000001
"NJ12","NJ","D",-1,"Rush Holt",1,"N00000860",22574,-1.55,0.78,4.3,0,91
"NJ12","NJ","R",1,"Eric Beck",0,"N00034088",135248,1.16,0.76,82.6,66.6,0.299999999999997
"NJ2","NJ","D",-1,"Cassandra Shober",0,"N00034634",138023,-1.2,0.73,17.3,0,63.8
"NJ2","NJ","R",1,"Frank LoBiondo",1,"N00000851",21890,0.03,0.1,48.4,3.2,2.90000000000001
"NJ3","NJ","R",1,"Jon Runyan",1,"N00031988",121117,0.42,0.25,62.6,28,0.5
"NJ4","NJ","R",1,"Christopher Smith",1,"N00009816",26952,-0.09,0.07,45.6,1.2,6.59999999999999
"NJ5","NJ","R",1,"Scott Garrett",1,"N00000743",4430,0.39,0.16,60.3,23.6,0.5
"NJ6","NJ","D",-1,"Frank Pallone",1,"N00000781",26951,-0.86,0.12,23.6,0,50.5
"NJ6","NJ","R",1,"Anna Little",0,"N00032322",90712,1.37,0.65,88.3,77.4,0
"NJ7","NJ","D",-1,"Upendra Chivukula",0,"N00027817",55075,-0.53,0.18,32.4,0,32.4
"NJ7","NJ","R",1,"Leonard Lance",1,"N00000898",4443,0.03,0.09,48.4,3.2,2.90000000000001
"NJ8","NJ","D",-1,"Albio Sires",0,"N00027523",22510,-1.41,0.65,10.5,0,77.9
"NJ9","NJ","D",-1,"William Pascrell",0,"N00000751",478,-0.6,0.09,30.2,0,37
"NM1","NM","D",-1,"Michelle Lujan Grisham",0,"N00029400",102404,-1.4,0.78,10.9,0,77.1
"NM1","NM","R",1,"Janice Arnold-Jones",0,"N00033403",43547,0.38,0.11,59.6,22.4,0.5
"NM2","NM","R",1,"Stevan Pearce",1,"N00012672",10655,1.46,0.72,91.5,83.5,0
"NM3","NM","D",-1,"Ben Lujan",1,"N00029562",102842,-1.3,0.57,14.8,0,68.9
"NM3","NM","R",1,"Jefferson Byrd",0,"N00034089",135873,0.56,0.15,68.3,38.8,0.299999999999997
"NV1","NV","D",-1,"Alice Titus",0,"N00030191",2629,-0.3,0.13,40.1,0.2,16.8
"NV1","NV","R",1,"Christopher Edwards",0,"N00034092",135889,0.58,0.37,69.4,41,0.299999999999997
"NV2","NV","D",-1,"Samuel Koepnick",0,"N00034539",138290,-0.24,0.1,41.9,0.5,13.3
"NV2","NV","R",1,"Mark Amodei",1,"N00031177",12537,0.11,0.1,50.5,6.4,1.90000000000001
"NV3","NV","D",-1,"John Oceguera",0,"N00033404",22815,-1.53,0.93,4.8,0,89.9
"NV3","NV","R",1,"Joseph Heck",1,"N00031244",44082,1.7,0.99,99.1,98.3,0
"NV4","NV","D",-1,"Steven Horsford",0,"N00033638",44064,-1.5,0.86,5.8,0,87.8
"NV4","NV","R",1,"Danny Tarkanian",0,"N00031176",44098,0.76,0.36,77.3,56.3,0.299999999999997
"NY1","NY","R",1,"Randolph Altschuler",0,"N00031058",127049,1.4,0.64,89.5,79.6,0
"NY14","NY","D",-1,"Joseph Crowley",0,"N00001127",4295,-1.53,0.74,4.8,0,89.9
"NY16","NY","D",-1,"Eliot Engel",0,"N00001003",26972,-0.98,0.15,21.3,0,55.3
"NY16","NY","R",1,"Joseph McLaughlin",0,"N00034779",127957,0.6,0.42,70.4,43,0.299999999999997
"NY17","NY","R",1,"Joseph Carvin",0,"N00034465",76955,0.08,0.13,49.7,4.9,1.90000000000001
"NY2","NY","D",-1,"Vivianne Falcone",0,"N00034763",142045,-0.58,0.26,30.6,0,36.2
"NY21","NY","R",1,"Matthew Doheny",0,"N00030877",127035,0.49,0.22,65,32.7,0.5
"NY22","NY","D",-1,"Daniel Lamb",0,"N00034278",44610,-1.6,0.86,3.2,0,93.4
"NY23","NY","D",-1,"Nathan Shinagawa",0,"N00034096",91543,-1.73,0.82,1.8,0,96.3
"NY27","NY","R",1,"Chris Collins",0,"N00001285",139770,1.19,0.8,83.9,69,0.299999999999997
"NY4","NY","D",-1,"Carolyn McCarthy",1,"N00001148",693,-0.57,0.11,30.7,0,35.9
"NY5","NY","D",-1,"Gregory Meeks",0,"N00001171",4360,-0.58,0.13,30.6,0,36.2
"NY8","NY","D",-1,"Hakeem Jeffries",0,"N00033640",55285,-1.59,0.51,3.6,0,92.6
"OH1","OH","D",-1,"Jeff Sinnard",0,"N00027541",57059,0.08,0.14,49.7,4.9,1.90000000000001
"OH1","OH","R",1,"Steven Chabot",1,"N00003689",21790,0.4,0.07,60.9,24.8,0.5
"OH10","OH","D",-1,"Sharen Neuhardt",0,"N00029721",102664,-1.06,0.64,20.1,0,58
"OH10","OH","R",1,"Michael Turner",0,"N00025175",45519,0.43,0.23,63.1,29,0.5
"OH11","OH","D",-1,"Marcia Fudge",1,"N00030490",110640,-1.72,1.08,2,0,95.7
"OH12","OH","D",-1,"James Reese",0,"N00033867",135344,-0.49,0.2,34.1,0,28.7
"OH12","OH","R",1,"Patrick Tiberi",1,"N00009699",8404,0.52,0.27,66.2,35.1,0.5
"OH13","OH","D",-1,"Timothy Ryan",0,"N00025280",45638,-0.38,0.08,37.8,0,21.3
"OH13","OH","R",1,"Marisha Agana",0,"N00033907",135345,0.42,0.2,62.6,28,0.5
"OH14","OH","D",-1,"Dale Virgil Blanchard",0,"N00003601",23275,-0.14,0.09,44.8,1,7.7
"OH15","OH","D",-1,"Pat Lang",0,"N00034479",45321,-1.48,0.87,6.6,0,86.2
"OH15","OH","R",1,"Steve Stivers",1,"N00029574",45333,0.49,0.21,65,32.7,0.5
"OH16","OH","D",-1,"Betty Sutton",0,"N00027901",8394,-1.51,0.72,5.5,0,88.6
"OH16","OH","R",1,"James Renacci",1,"N00031127",120678,0.55,0.1,67.4,37.3,0.5
"OH2","OH","D",-1,"William Smith",0,"N00029635",102648,-1.41,0.77,10.5,0,77.9
"OH2","OH","R",1,"Brad Wenstrup",0,"N00033310",135326,1.44,0.79,91.1,82.8,0
"OH3","OH","D",-1,"Joyce Beatty",0,"N00033904",2427,-0.67,0.16,28.8,0,39.9
"OH3","OH","R",1,"Chris Long",0,"N00034102",134166,1.37,0.75,88.3,77.4,0
"OH4","OH","R",1,"James Jordan",1,"N00027894",8158,1.66,0.89,98.1,96.3,0
"OH5","OH","D",-1,"Angela Zimmann",0,"N00033873",135331,-1.13,0.65,19.2,0,59.8
"OH5","OH","R",1,"Robert Latta",1,"N00012233",9926,0.55,0.21,67.4,37.3,0.5
"OH6","OH","D",-1,"Charles Wilson",0,"N00003528",10092,-0.05,0.08,46.4,1.5,5.09999999999999
"OH6","OH","R",1,"Bill Johnson",1,"N00032088",120649,1.58,0.89,95.4,91.2,0
"OH7","OH","R",1,"Bob Gibbs",0,"N00031128",45466,0.54,0.26,66.9,36.4,0.5
"OH8","OH","R",1,"John Boehner",1,"N00003675",27015,0.74,0.12,76.5,54.8,0.299999999999997
"OH9","OH","D",-1,"Marcy Kaptur",1,"N00003522",27016,-1.48,0.76,6.6,0,86.2
"OH9","OH","R",1,"Samuel Wurzelbacher",0,"N00033644",135338,1.49,0.67,93.1,86.7,0
"OK1","OK","D",-1,"John Olson",0,"N00034116",135895,-1.42,0.83,9.8,0,79.5
"OK1","OK","R",1,"James Bridenstine",0,"N00033532",135894,1.05,0.29,82,65.4,0.299999999999997
"OK2","OK","R",1,"Markwayne Mullin",0,"N00033410",135898,1.27,0.76,85.5,72,0
"OK3","OK","R",1,"Frank Lucas",1,"N00005559",27032,0.54,0.11,66.9,36.4,0.5
"OK4","OK","D",-1,"Donna Bebo",0,"N00034248",135902,-1.31,0.85,14.7,0,69.1
"OK4","OK","R",1,"Tom Cole",1,"N00025726",46034,0.42,0.09,62.6,28,0.5
"OK5","OK","D",-1,"Tom Guild",0,"N00032386",124933,-1.38,0.72,11.5,0,75.8
"OK5","OK","R",1,"James Lankford",1,"N00031129",124938,1.62,0.84,97.3,94.8,0
"OR1","OR","D",-1,"Suzanne Bonamici",1,"N00033474",59641,-0.49,0.22,34.1,0,28.7
"OR1","OR","R",1,"Delinda Morgan",0,"N00033652",134564,1.71,1.01,99.2,98.5,0
"OR2","OR","D",-1,"Joyce Segers",0,"N00031773",119233,-0.52,0.15,32.9,0,31.4
"OR2","OR","R",1,"Greg Walden",1,"N00007690",2979,0.19,0.14,53.4,11.1,1.3
"OR3","OR","D",-1,"Earl Blumenauer",1,"N00007727",367,-1.57,0.81,4.2,0,91.2
"OR3","OR","R",1,"Ronald Green",0,"N00034553",136764,1.26,0.9,85,71,0
"OR4","OR","D",-1,"Peter DeFazio",1,"N00007781",27037,-0.54,0.23,31.9,0,33.5
"OR4","OR","R",1,"Arthur Robinson",0,"N00032006",119234,0.79,0.12,79.1,59.7,0.299999999999997
"OR5","OR","D",-1,"Kurt Schrader",1,"N00030071",10813,-1.17,0.57,18,0,62.2
"OR5","OR","R",1,"Fred Thompson",0,"N00031184",117536,1.21,0.76,84.1,69.5,0.299999999999997
"PA1","PA","D",-1,"Robert Brady",1,"N00001619",2519,-0.74,0.13,26.5,0,44.4
"PA1","PA","R",1,"John Featherman",0,"N00001570",13035,0.15,0.12,51.5,8.1,1.59999999999999
"PA10","PA","R",1,"Thomas Marino",1,"N00031777",119478,0.46,0.1,63.8,30.5,0.5
"PA11","PA","D",-1,"Gene Stilp",0,"N00001443",119566,-1.1,0.68,19.5,0,59
"PA11","PA","R",1,"Louis Barletta",1,"N00025495",47143,0.29,0.09,56.6,16.5,0.5
"PA12","PA","D",-1,"Mark Critz",1,"N00032014",119481,-0.04,0.11,46.7,1.5,4.5
"PA12","PA","R",1,"Keith Rothfus",0,"N00031253",119466,1.54,0.97,94.3,88.9,0
"PA13","PA","D",-1,"Allyson Schwartz",1,"N00001579",5239,-1.48,0.41,6.6,0,86.2
"PA13","PA","R",1,"Joseph Rooney",0,"N00033826",136225,1.46,0.81,91.5,83.5,0
"PA14","PA","D",-1,"Michael Doyle",1,"N00001373",21853,-0.61,0.09,29.6,0,38.3
"PA15","PA","D",-1,"Richard Daugherty",0,"N00033827",136230,-0.22,0.13,42.3,0.5,12.5
"PA15","PA","R",1,"Charles Dent",1,"N00026171",9121,0.63,0.29,71.7,45.5,0.299999999999997
"PA16","PA","R",1,"Joseph Pitts",1,"N00001633",265,0.4,0.09,60.9,24.8,0.5
"PA17","PA","D",-1,"Matthew Cartwright",0,"N00034128",136236,-0.3,0.16,40.1,0.2,16.8
"PA17","PA","R",1,"Laureen Cummings",0,"N00034556",136234,0.19,0.18,53.4,11.1,1.3
"PA18","PA","R",1,"Timothy Murphy",1,"N00024992",9794,0.27,0.09,56.1,15.5,0.5
"PA2","PA","D",-1,"Chaka Fattah",1,"N00001746",21850,-0.87,0.14,23.4,0,51.1
"PA2","PA","R",1,"Robert Mansfield",0,"N00033872",136204,0.38,0.23,59.6,22.4,0.5
"PA3","PA","D",-1,"Missa Eaton",0,"N00034119",136206,-1.24,0.67,16.4,0,65.7
"PA3","PA","R",1,"Mike Kelly",1,"N00031647",119463,1.39,0.64,89.3,79.4,0
"PA4","PA","D",-1,"Harry Perkinson",0,"N00034121",136215,-0.9,0.4,22.6,0,52.7
"PA4","PA","R",1,"Scott Perry",0,"N00034120",59980,1.32,0.72,86.5,74,0
"PA5","PA","R",1,"Glenn Thompson",1,"N00029736",24046,0.79,0.14,79.1,59.7,0.299999999999997
"PA6","PA","D",-1,"Manan Trivedi",0,"N00031133",119469,-1.33,0.81,13.6,0,71.5
"PA6","PA","R",1,"Jim Gerlach",1,"N00025025",5226,0.61,0.29,70.9,44,0.299999999999997
"PA7","PA","D",-1,"George Badey",0,"N00034281",136218,-1.23,0.73,16.6,0,65.2
"PA7","PA","R",1,"Patrick Meehan",1,"N00031134",119474,0.56,0.26,68.3,38.8,0.299999999999997
"PA8","PA","D",-1,"Kathy Boockvar",0,"N00034122",136219,-1.23,0.73,16.6,0,65.2
"PA8","PA","R",1,"Michael Fitzpatrick",1,"N00027229",46971,0.41,0.23,61.8,26.5,0.5
"PA9","PA","R",1,"Bill Shuster",1,"N00013770",55693,0.66,0.28,73.6,49.1,0.299999999999997
"RI1","RI","D",-1,"David Cicilline",1,"N00032019",7349,-1.24,0.31,16.4,0,65.7
"RI1","RI","R",1,"Brendan Doherty",0,"N00033248",141540,0.25,0.17,55.3,14,0.5
"RI2","RI","D",-1,"James Langevin",1,"N00009724",55787,-0.43,0.09,36.5,0,23.9
"RI2","RI","R",1,"Michael Riley",0,"N00033828",125892,0.33,0.19,57.9,18.9,0.5
"SC1","SC","R",1,"Tim Scott",1,"N00031782",11940,1.48,0.69,92.4,85.3,0
"SC2","SC","R",1,"Addison Wilson",1,"N00024809",3985,0.75,0.09,77.2,56,0.299999999999997
"SC3","SC","D",-1,"Brian Doyle",0,"N00030514",138601,-0.34,0.1,38.5,0,19.9
"SC3","SC","R",1,"Jeffrey Duncan",1,"N00030752",47967,1.53,0.73,94,88.5,0
"SC4","SC","R",1,"Trey Gowdy",1,"N00030880",121782,0.48,0.28,64.3,31.4,0.5
"SC5","SC","R",1,"Michael Mulvaney",1,"N00031412",60348,0.4,0.21,60.9,24.8,0.5
"SC6","SC","D",-1,"James Clyburn",1,"N00002408",27066,-0.51,0.21,33.2,0,30.6
"SC7","SC","R",1,"Tom Rice",0,"N00033832",132382,0.19,0.14,53.4,11.1,1.3
"SD1","SD","D",-1,"Matt Varilek",0,NA,135886,-0.29,0.2,40.5,0.2,16
"SD1","SD","R",1,"Kristi Noem",1,"N00032022",58189,0.41,0.18,61.8,26.5,0.5
"TN1","TN","D",-1,"Alan Woodruff",0,"N00033789",136042,-1.38,0.88,11.5,0,75.8
"TN1","TN","R",1,"David Roe",1,"N00028463",65306,1.62,0.88,97.3,94.8,0
"TN2","TN","D",-1,"Troy Goodale",0,"N00011050",15312,-0.27,0.13,40.7,0.2,15.4
"TN2","TN","R",1,"John Duncan",1,"N00003209",27069,0.53,0.3,66.5,35.6,0.5
"TN3","TN","D",-1,"Mary Headrick",0,"N00034132",139776,-0.51,0.2,33.2,0,30.6
"TN3","TN","R",1,"Charles Fleischmann",1,"N00030815",123456,0.56,0.22,68.3,38.8,0.299999999999997
"TN4","TN","D",-1,"Eric Stewart",0,"N00033868",104798,-0.24,0.18,41.9,0.5,13.3
"TN4","TN","R",1,"Scott DesJarlais",1,"N00030957",123473,1.6,0.8,96.6,93.4,0
"TN5","TN","D",-1,"Jim Cooper",1,"N00003132",48891,-0.25,0.15,41.2,0.2,14.4
"TN5","TN","R",1,"Brad Staats",0,"N00034809",139779,0.36,0.17,59,21.1,0.5
"TN6","TN","R",1,"Diane Black",1,"N00031539",25292,0.56,0.12,68.3,38.8,0.299999999999997
"TN7","TN","D",-1,"Credo Amouzouvik",0,"N00034559",139784,-1.29,0.75,15,0,68.6
"TN7","TN","R",1,"Marsha Blackburn",1,"N00003105",25186,0.59,0.1,70.1,42.3,0.299999999999997
"TN8","TN","R",1,"Stephen Fincher",1,"N00031141",124659,0.61,0.25,70.9,44,0.299999999999997
"TN9","TN","D",-1,"Stephen Cohen",1,"N00003225",24340,-0.43,0.12,36.5,0,23.9
"TN9","TN","R",1,"George Flinn",0,"N00031656",99775,1.44,0.78,91.1,82.8,0
"TX1","TX","R",1,"Louie Gohmert",1,"N00026148",50029,1.62,0.74,97.3,94.8,0
"TX10","TX","R",1,"Michael McCaul",1,"N00026460",49210,1.39,0.73,89.3,79.4,0
"TX11","TX","D",-1,"Jim Riley",0,"N00033028",135604,-0.2,0.2,42.5,0.7,12.2
"TX11","TX","R",1,"K. Michael Conaway",1,"N00026041",49935,0.39,0.09,60.3,23.6,0.5
"TX12","TX","D",-1,"Dave Robinson",0,"N00033962",135606,-1.43,0.92,8.4,0,82.4
"TX12","TX","R",1,"Kay Granger",1,"N00008799",334,1.65,0.93,97.8,95.8,0
"TX13","TX","R",1,"William Thornberry",1,"N00006052",21706,1.56,0.64,94.7,89.7,0
"TX14","TX","D",-1,"Nicholas Lampson",0,"N00005928",285,-0.29,0.12,40.5,0.2,16
"TX14","TX","R",1,"Randy Weber",0,"N00033539",102026,1,0.5,81.5,64.4,0.299999999999997
"TX15","TX","D",-1,"RubÃ©n Hinojosa-Flores",1,"N00006008",291,-0.22,0.14,42.3,0.5,12.5
"TX15","TX","R",1,"Dale Brueggemann",0,"N00033315",135622,0.14,0.22,51,7.4,1.90000000000001
"TX16","TX","D",-1,"Beto O'Rourke",0,"N00033540",78533,-1.35,1,13.1,0,72.6
"TX16","TX","R",1,"Barbara Carrasco",0,"N00033663",137810,1.47,0.85,91.9,84.3,0
"TX17","TX","R",1,"Bill Flores",1,"N00031545",116906,1.66,0.94,98.1,96.3,0
"TX18","TX","D",-1,"Sheila Jackson Lee",1,"N00005818",21692,-0.4,0.08,37.4,0,22.1
"TX18","TX","R",1,"Sean Seibert",0,"N00034695",135628,0.16,0.09,52.3,9.3,1.3
"TX19","TX","R",1,"Randy Neugebauer",1,"N00026043",49522,1.62,0.72,97.3,94.8,0
"TX2","TX","D",-1,"James Dougherty",0,"N00034562",49575,-0.64,0.13,29.3,0,38.8
"TX2","TX","R",1,"Ted Poe",1,"N00026457",49198,1.57,0.81,95.2,90.7,0
"TX20","TX","D",-1,"Joaquin Castro",0,"N00033316",49227,-0.45,0.13,35.8,0,25.5
"TX21","TX","D",-1,"Candace Duval",0,"N00034141",137698,-2.07,0.58,0.8,0,98.4
"TX21","TX","R",1,"Lamar Smith",1,"N00001811",27097,1.39,0.69,89.3,79.4,0
"TX22","TX","D",-1,"Kesha Rogers",0,"N00031548",116997,0,0.08,47.6,2,3.2
"TX22","TX","R",1,"Pete Olson",1,"N00029285",102008,1.25,0.65,84.9,70.8,0
"TX23","TX","D",-1,"Pete Gallego",0,"N00033541",5505,-1.44,0.85,8,0,83.2
"TX23","TX","R",1,"Francisco Canseco",1,"N00026722",50146,1.05,0.16,82,65.4,0.299999999999997
"TX24","TX","D",-1,"Timothy Rusk",0,"N00034647",137701,-0.74,0.21,26.5,0,44.4
"TX24","TX","R",1,"Kenny Marchant",1,"N00026710",5549,1.21,0.28,84.1,69.5,0.299999999999997
"TX25","TX","D",-1,"Elaine Henderson",0,NA,137706,-0.97,0.31,21.6,0,54.8
"TX25","TX","R",1,"Roger Williams",0,"N00030602",50112,1.53,0.73,94,88.5,0
"TX26","TX","D",-1,"David Sanchez",0,"N00033724",135650,-0.32,0.2,39.1,0,18.6
"TX26","TX","R",1,"Michael Burgess",1,"N00025219",50120,1.6,0.77,96.6,93.4,0
"TX27","TX","D",-1,"Rosabel Harrison",0,"N00033665",135657,-1.42,0.81,9.8,0,79.5
"TX27","TX","R",1,"Blake Farenthold",1,"N00031672",116919,0.75,0.13,77.2,56,0.299999999999997
"TX28","TX","D",-1,"Henry Cuellar",1,"N00024978",5486,-0.15,0.13,44.3,0.7,8.5
"TX28","TX","R",1,"William Hayward",0,NA,135661,0.78,0.22,78.2,58,0.299999999999997
"TX29","TX","D",-1,"Raymond Green",1,"N00005870",27100,-0.39,0.09,37.6,0,21.8
"TX3","TX","R",1,"Samuel Johnson",1,"N00008028",27079,1.04,0.17,81.7,64.9,0.299999999999997
"TX30","TX","D",-1,"Eddie Johnson",1,"N00008122",27098,-0.06,0.09,46.1,1.2,5.59999999999999
"TX31","TX","D",-1,"Stephen Wyman",0,"N00013054",49314,-0.49,0.09,34.1,0,28.7
"TX31","TX","R",1,"John Carter",1,"N00025095",49296,0.82,0.11,80.2,61.9,0.299999999999997
"TX32","TX","D",-1,"Katherine McGovern",0,"N00034567",137710,-1.4,0.72,10.9,0,77.1
"TX32","TX","R",1,"Peter Sessions",1,"N00005681",288,0.77,0.13,77.7,57,0.299999999999997
"TX33","TX","D",-1,"Marc Veasey",0,"N00033839",49671,-1.19,0.75,17.5,0,63.3
"TX33","TX","R",1,"Chuck Bradley",0,"N00033790",135669,0.75,0.2,77.2,56,0.299999999999997
"TX34","TX","D",-1,"Filemon Vela",0,"N00034349",137719,-0.97,0.64,21.6,0,54.8
"TX34","TX","R",1,"Jessica Puente-Bradshaw",0,"N00031552",116920,1.08,0.63,82.1,65.6,0.299999999999997
"TX35","TX","D",-1,"Lloyd Doggett",0,"N00006023",21689,-0.31,0.09,39.3,0,18.1
"TX36","TX","D",-1,"Max Martin",0,"N00034142",135702,-0.6,0.17,30.2,0,37
"TX36","TX","R",1,"Steve Stockman",0,"N00005918",21703,0.73,0.19,76.1,54.1,0.299999999999997
"TX4","TX","R",1,"Ralph Hall",1,"N00005645",27080,0.47,0.08,64.2,31.2,0.5
"TX5","TX","D",-1,"Linda Mrosko",0,"N00034692",137678,-1.42,0.71,9.8,0,79.5
"TX5","TX","R",1,"Jeb Hensarling",1,"N00024922",49827,0.43,0.1,63.1,29,0.5
"TX6","TX","D",-1,"Kenneth Sanders",0,"N00034351",135674,-1.19,0.74,17.5,0,63.3
"TX6","TX","R",1,"Joe Barton",1,"N00005656",27082,0.46,0.13,63.8,30.5,0.5
"TX7","TX","D",-1,"James Cargas",0,"N00034135",135598,-1.4,0.9,10.9,0,77.1
"TX7","TX","R",1,"John Culberson",1,"N00009738",5488,0.74,0.12,76.5,54.8,0.299999999999997
"TX8","TX","D",-1,"Neil Burns",0,"N00033835",135600,-1.39,0.8,11.3,0,76.3
"TX8","TX","R",1,"Kevin Brady",1,"N00005883",361,0.88,0.23,81.2,63.9,0.299999999999997
"TX9","TX","D",-1,"Al Green",1,"N00026686",49680,-0.73,0.37,26.6,0,44.1
"TX9","TX","R",1,"Steve Mueller",0,"N00031662",116893,0.68,0.14,74.1,50.1,0.299999999999997
"UT1","UT","D",-1,"Donna McAleer",0,"N00034442",137384,-1.57,0.87,4.2,0,91.2
"UT1","UT","R",1,"Rob Bishop",1,"N00025292",50544,1.49,0.63,93.1,86.7,0
"UT2","UT","D",-1,"F. Jay Seegmiller",0,"N00034356",50365,-0.25,0.1,41.2,0.2,14.4
"UT2","UT","R",1,"Chris Stewart",0,"N00033932",135930,0.79,0.4,79.1,59.7,0.299999999999997
"UT3","UT","R",1,"Jason Chaffetz",1,"N00028958",103482,0.71,0.12,75.5,52.8,0.299999999999997
"UT4","UT","D",-1,"James Matheson",0,"N00009753",50722,0.15,0.14,51.5,8.1,1.59999999999999
"UT4","UT","R",1,"Mia Love",0,"N00033842",135957,1.23,0.68,84.5,70.3,0.299999999999997
"VA1","VA","D",-1,"Adam Cook",0,"N00034155",135224,-0.55,0.34,31.5,0,34.3
"VA1","VA","R",1,"Robert Wittman",1,"N00029459",58133,1.48,0.68,92.4,85.3,0
"VA10","VA","R",1,"Frank Wolf",1,"N00002073",27120,0.19,0.1,53.4,11.1,1.3
"VA11","VA","D",-1,"Gerald Connolly",1,"N00029891",95078,-0.42,0.19,37.1,0,22.9
"VA11","VA","R",1,"Chris Perkins",0,"N00033126",135230,0.2,0.14,53.9,11.5,0.799999999999997
"VA2","VA","R",1,"E. Rigell",1,"N00030962",121807,0.31,0.15,57.4,17.9,0.5
"VA3","VA","D",-1,"Robert Scott",1,"N00002147",27117,-0.44,0.17,36.2,0,24.7
"VA4","VA","D",-1,"Ella Ward",0,"N00034158",78774,-1.42,0.9,9.8,0,79.5
"VA4","VA","R",1,"James Forbes",1,"N00013799",5146,1.77,0.85,99.6,99.3,0
"VA5","VA","D",-1,"John Douglass",0,"N00033252",135229,-1.42,0.79,9.8,0,79.5
"VA5","VA","R",1,"Robert Hurt",1,"N00031265",50895,0.66,0.29,73.6,49.1,0.299999999999997
"VA6","VA","D",-1,"Andrew Schmookler",0,"N00033317",135227,-1.42,0.73,9.8,0,79.5
"VA6","VA","R",1,"Robert Goodlatte",1,"N00009154",27116,0.32,0.15,57.6,18.4,0.5
"VA7","VA","D",-1,"E. Wayne Powell",0,"N00033318",135228,-1.32,0.57,14.2,0,70.2
"VA7","VA","R",1,"Eric Cantor",1,"N00013131",5121,1.6,0.79,96.6,93.4,0
"VA8","VA","D",-1,"James Moran",1,"N00002083",27118,-0.82,0.11,24.5,0,48.7
"VA8","VA","R",1,"J. Murray",0,"N00031556",121839,1.29,0.69,86,73,0
"VA9","VA","D",-1,"Anthony Flaccavento",0,"N00034572",142797,-0.79,0.41,25.4,0,46.8
"VA9","VA","R",1,"H. Griffith",1,"N00032029",5148,0.17,0.09,52.7,9.6,1.3
"VT1","VT","R",1,"Mark Donka",0,"N00034946",141269,0.09,0.11,50.1,5.7,1.90000000000001
"WA1","WA","D",-1,"Suzan DelBene",0,"N00030693",126272,-1.69,0.89,2.2,0,95.5
"WA1","WA","R",1,"John Koster",0,"N00009760",3212,0.52,0.27,66.2,35.1,0.5
"WA10","WA","D",-1,"Denny Heck",0,"N00031557",126058,-1.37,0.76,11.8,0,75.3
"WA10","WA","R",1,"Richard Muri",0,"N00031155",93896,0.34,0.09,58.2,19.7,0.5
"WA2","WA","D",-1,"Richard Larsen",1,"N00009759",56231,-1.43,0.72,8.4,0,82.4
"WA2","WA","R",1,"Dan Matthews",0,"N00034452",140220,0.37,0.21,59.4,21.9,0.5
"WA3","WA","D",-1,"Jon Haugen",0,"N00033844",108202,-1.45,0.78,7.5,0,84.3
"WA3","WA","R",1,"Jaime Herrera Beutler",1,"N00031559",101907,0.49,0.23,65,32.7,0.5
"WA4","WA","D",-1,"Mary Baechler",0,"N00034775",140224,-1.9,0.84,1.1,0,97.6
"WA4","WA","R",1,"Richard Hastings",1,"N00009157",22318,0.8,0.11,79.7,60.9,0.299999999999997
"WA5","WA","D",-1,"Rich Cowan",0,"N00034164",137610,-0.42,0.18,37.1,0,22.9
"WA5","WA","R",1,"Cathy McMorris Rodgers",1,"N00026314",3217,0.63,0.3,71.7,45.5,0.299999999999997
"WA6","WA","D",-1,"Derek Kilmer",0,"N00034453",51516,-1.12,0.66,19.3,0,59.6
"WA6","WA","R",1,"Bill Driscoll",0,"N00034820",140229,0.09,0.17,50.1,5.7,1.90000000000001
"WA7","WA","D",-1,"James McDermott",1,"N00009829",27128,-1.61,0.23,2.7,0,94.4
"WA8","WA","D",-1,"Karen Porterfield",0,"N00033935",137613,-0.9,0.39,22.6,0,52.7
"WA8","WA","R",1,"David Reichert",1,"N00026885",51346,0.04,0.11,48.7,3.7,2.7
"WA9","WA","D",-1,"Adam Smith",1,"N00007833",845,-0.45,0.09,35.8,0,25.5
"WA9","WA","R",1,"James Postma",0,"N00030380",126277,0.4,0.17,60.9,24.8,0.5
"WI1","WI","D",-1,"Robert Zerban",0,"N00033127",109074,-1.51,0.74,5.5,0,88.6
"WI1","WI","R",1,"Paul Ryan",1,"N00004357",26344,0.82,0.36,80.2,61.9,0.299999999999997
"WI2","WI","D",-1,"Mark Pocan",0,"N00033549",26238,-0.84,0.19,23.9,0,50
"WI2","WI","R",1,"Chad Lee",0,"N00031023",126213,-0.21,0.21,42.4,0.7,12.5
"WI3","WI","D",-1,"Ronald Kind",1,"N00004403",630,-0.42,0.09,37.1,0,22.9
"WI4","WI","D",-1,"Gwendolynne Moore",1,"N00026914",3457,-1.5,0.85,5.8,0,87.8
"WI4","WI","R",1,"Dan Sebring",0,"N00030695",126229,0.74,0.13,76.5,54.8,0.299999999999997
"WI5","WI","R",1,"Frank Sensenbrenner",1,"N00004291",27142,0.57,0.25,69,40.3,0.299999999999997
"WI6","WI","D",-1,"Joseph Kallas",0,"N00032814",126234,-0.6,0.12,30.2,0,37
"WI6","WI","R",1,"Thomas Petri",1,"N00004426",27139,0.34,0.13,58.2,19.7,0.5
"WI7","WI","D",-1,"Pat Kreitlow",0,"N00033128",67298,-1.28,0.81,15.2,0,68.1
"WI7","WI","R",1,"Sean Duffy",1,"N00030967",126238,0.52,0.28,66.2,35.1,0.5
"WI8","WI","R",1,"Reid Ribble",1,"N00030968",126240,0.82,0.4,80.2,61.9,0.299999999999997
"WV1","WV","D",-1,"Susan Thorn",0,"N00033669",135149,-1.17,0.85,18,0,62.2
"WV1","WV","R",1,"David McKinley",1,"N00031681",117396,1.48,0.88,92.4,85.3,0
"WV2","WV","D",-1,"Howard Swint",0,"N00008870",52413,-0.35,0.15,38.2,0,20.5
"WV2","WV","R",1,"Shelley Moore Capito",1,"N00009771",11701,0.21,0.14,54.3,12,0.5
"WV3","WV","D",-1,"Nick Rahall",1,"N00002198",27133,-0.24,0.1,41.9,0.5,13.3
"WV3","WV","R",1,"Richard Snuffer",0,"N00026175",52248,0.57,0.11,69,40.3,0.299999999999997
"WY1","WY","R",1,"Cynthia Lummis",1,"N00029788",15546,1.62,0.76,97.3,94.8,0
